[
   {
      "biosampleStatus" : {
         "id" : "EFO:0009654",
         "label" : "reference sample"
      },
      "id" : "bios1",
      "sampleOriginType" : {
         "id" : "OBI:0001479",
         "label" : "specimen from organism"
      }
   },
   {
      "biosampleStatus" : {
         "id" : "EFO:0009654",
         "label" : "reference sample"
      },
      "id" : "bios2",
      "sampleOriginType" : {
         "id" : "OBI:0001479",
         "label" : "specimen from organism"
      }
   }
]
