[
   {
      "caseLevelData" : [
         {
            "biosampleId" : "bios1",
            "zygosity" : {
               "id" : "OMIT:0007739",
               "label" : "Heterozygote"
            }
         }
      ],
      "identifiers" : {
         "proteinHGVSIds" : [
            "p.Arg67Trp"
         ]
      },
      "molecularAttributes" : {
         "geneIds" : [
            "KCNJ2"
         ]
      },
      "variantInternalId" : "var1",
      "variantLevelData" : {
         "clinicalInterpretations" : [
            {
               "effect" : {
                  "id" : "NCIT:C168799",
                  "label" : "Pathogenic Variant"
               }
            }
         ]
      },
      "variantType" : "DEL",
      "variation" : {
         "alternateBases" : "T",
         "location" : {
            "interval" : {
               "end" : 68171379,
               "start" : 68171378,
               "type" : "SimpleInterval"
            },
            "sequence_id" : "refseq:NC_000017.11",
            "type" : "SequenceLocation"
         },
         "referenceBases" : "C",
         "variantType" : "SNP"
      }
   }
]
